id,sex,grade,school,SNS_t,SES_t,CSES_t,EIB_t,inter_raw,center_SES
1,1,2,2,0.8185880768506419,31,25,38,1.9996475999596055,2.442800788954635
2,1,4,2,0.1316979280319295,34,22,29,0.7168055865958767,5.442800788954635
3,2,4,1,0.3726643067985962,28,17,27,-0.20764825773294562,-0.557199211045365
4,2,2,2,0.07088729282668077,28,22,30,-0.03949834363616828,-0.557199211045365
5,2,2,2,-2.014888269265291,31,22,30,-4.921970653816692,2.442800788954635
6,1,2,2,0.4007480580486187,35,28,35,2.5819399045676783,6.442800788954635
7,2,1,1,1.1057366470398051,31,15,25,2.701094353764889,2.442800788954635
8,2,2,2,0.6697981880653078,25,16,16,-2.382605586145528,-3.557199211045365
9,2,2,1,0.41899513032241154,33,18,22,1.8615118955645602,4.442800788954635
10,1,2,2,0.43333427015006043,37,28,38,3.658554917904011,8.442800788954635
11,2,2,2,-0.49748032859875096,22,14,28,3.262077618198319,-6.557199211045365
12,2,2,2,-0.9352917419786801,23,17,20,5.197602530621166,-5.557199211045365
13,2,2,2,-1.0697424909363653,27,18,26,1.6658021629078115,-1.557199211045365
14,2,2,1,-1.0698911230376842,21,16,18,8.085380350924826,-7.557199211045365
15,2,2,2,-0.33261358614769354,28,20,31,0.18533202778446436,-0.557199211045365
16,1,2,1,1.1057366470398051,37,19,24,9.33551423600372,8.442800788954635
17,2,2,1,0.9711372659808011,37,28,37,8.199118475405955,8.442800788954635
18,2,2,1,-0.5601639182094317,29,16,24,-0.248041024927056,0.44280078895463504
19,1,2,1,0.07088729282668077,26,17,30,-0.18127292928952982,-2.557199211045365
20,1,2,1,0.2564606301147038,37,13,26,2.1652460102682243,8.442800788954635
21,2,2,2,1.1057366470398051,28,20,32,-0.6161155873545267,-0.557199211045365
22,1,2,1,1.1057366470398051,27,20,29,-1.7218522343943317,-1.557199211045365
23,2,2,1,1.1057366470398051,31,23,30,2.701094353764889,2.442800788954635
24,2,2,2,-0.6038686780879093,36,24,31,-4.494474273697684,7.442800788954635
25,1,3,1,0.9530388258083272,37,25,37,8.046316950438944,8.442800788954635
26,2,2,2,0.38452257228157655,29,20,31,0.17026689837714779,0.44280078895463504
27,1,2,2,0.8204610312560737,27,16,27,-1.2776212705654246,-1.557199211045365
28,2,1,1,-2.4952632455766763,22,4,8,16.36193818524588,-6.557199211045365
29,1,2,2,0.5394040036550853,25,20,26,-1.9187674962365808,-3.557199211045365
30,2,3,1,-1.5686751952581421,26,20,31,4.011414971700555,-2.557199211045365
31,2,4,1,0.6535727022982657,26,15,25,-1.6713155986779122,-2.557199211045365
32,2,4,1,1.1057366470398051,34,18,24,6.018304294884304,5.442800788954635
33,2,2,1,0.20548667388568478,29,17,30,0.09098966131624503,0.44280078895463504
34,2,4,2,-0.4812548428317088,31,20,27,-1.175609709757537,2.442800788954635
35,2,1,2,0.25397975577003523,24,20,25,-1.1574363426166991,-4.557199211045365
36,2,4,2,0.10128193453855727,29,19,29,0.04484772052052486,0.44280078895463504
37,1,1,2,-0.6523617599722599,29,21,29,-0.28886630199955093,0.44280078895463504
38,2,3,1,1.1057366470398051,28,28,32,-0.6161155873545267,-0.557199211045365
39,2,2,1,0.9549117802137589,29,20,32,0.4228356896607275,0.44280078895463504
40,2,1,2,-0.7988194065142441,23,17,26,4.439198575648684,-5.557199211045365
41,2,4,2,0.8224960092967858,31,22,28,2.0091939004222272,2.442800788954635
42,2,1,2,-0.06356345613100438,26,16,29,0.16254441986952106,-2.557199211045365
43,2,2,1,0.5534458792800966,27,18,27,-0.8618254865712747,-1.557199211045365
44,1,4,1,-0.2284301985820618,25,16,24,0.8125717221750463,-3.557199211045365
45,1,1,2,-0.3468040938740236,31,16,29,-0.8471733141281622,2.442800788954635
46,1,2,2,0.836537884921797,29,24,29,0.3704196354338134,0.44280078895463504
47,2,2,1,1.1057366470398051,25,17,28,-3.933325528473942,-3.557199211045365
48,1,2,1,-0.2606977946993702,29,25,32,-0.11543718917161461,0.44280078895463504
49,2,2,1,0.702087135964112,28,19,32,-0.3912023982443031,-0.557199211045365
50,1,1,2,-1.3077160701320738,23,14,21,7.267238713209306,-5.557199211045365
51,1,4,1,-0.09164720738102687,34,24,37,-0.4988174926389421,5.442800788954635
52,1,3,2,-0.33261358614769354,35,24,32,-2.1429630752493902,6.442800788954635
53,1,4,2,0.12171261695438103,25,12,18,-0.4329560250043909,-3.557199211045365
54,2,4,2,1.1057366470398051,26,16,24,-2.827588881434137,-2.557199211045365
55,2,2,2,1.1057366470398051,28,24,32,-0.6161155873545267,-0.557199211045365
56,1,2,2,-1.7438031612078901,23,19,30,9.6906615516829,-5.557199211045365
57,2,2,2,-0.48766500140401714,28,13,23,0.27172655403675516,-0.557199211045365
58,2,2,1,0.5353474391076226,26,18,28,-1.368990048921169,-2.557199211045365
59,1,2,1,1.1057366470398051,28,28,40,-0.6161155873545267,-0.557199211045365
60,2,2,1,0.20767028402771567,25,21,28,-0.7387245705009571,-3.557199211045365
61,2,2,2,-0.6947632992684355,30,25,32,-1.002405036321224,1.442800788954635
62,2,2,2,0.20548667388568478,28,16,29,-0.11449701256943975,-0.557199211045365
63,2,2,2,-1.8336687607273685,25,9,31,6.522725068977928,-3.557199211045365
64,2,2,1,0.40089669014993756,32,19,31,1.380207441137507,3.442800788954635
65,2,2,2,-0.5157274008725439,33,21,28,-2.291274103482061,4.442800788954635
66,2,2,2,0.20548667388568478,24,12,24,-0.9364437081121789,-4.557199211045365
67,1,2,2,0.6880452603391006,35,25,32,4.432938546149255,6.442800788954635
68,1,2,2,1.1057366470398051,22,20,25,-7.250535469593357,-6.557199211045365
69,2,2,2,0.6880452603391006,23,20,25,-3.823604577919953,-5.557199211045365
70,2,2,2,-1.3259631424058667,19,9,17,12.672493898476581,-9.557199211045365
71,1,4,1,1.1057366470398051,22,10,25,-7.250535469593357,-6.557199211045365
72,1,2,2,-1.1187162124401295,27,16,24,1.7420640033954287,-1.557199211045365
73,1,2,2,0.40495325469740023,28,16,27,-0.22563963402764414,-0.557199211045365
74,2,2,2,-0.07760533175601562,26,16,24,0.19845229313939697,-2.557199211045365
75,2,2,2,0.6253616707284201,22,19,24,-4.100621053918408,-6.557199211045365
76,1,4,2,-1.2632795527951861,25,16,28,4.493737028532777,-3.557199211045365
77,2,4,2,0.6839886957916379,29,14,19,0.30287073413258914,0.44280078895463504
78,1,2,2,-0.7888340954366958,23,13,26,4.38370821280649,-5.557199211045365
79,2,2,2,-0.25866281665865815,26,20,30,0.6614523506862925,-2.557199211045365
80,1,2,2,0.6394035463534312,25,16,27,-2.274485790628034,-3.557199211045365
81,2,3,2,-0.017091960753404578,27,19,15,0.026615587800419952,-1.557199211045365
82,2,4,1,-0.5712690744525062,34,22,35,-3.109303769135485,5.442800788954635
83,1,1,2,-1.5000620866945669,37,20,32,-12.664725369025826,8.442800788954635
84,2,4,1,0.20548667388568478,29,19,32,0.09098966131624503,0.44280078895463504
85,1,4,2,0.4007480580486187,29,20,29,0.17745155627596623,0.44280078895463504
86,2,4,1,0.5676363870064268,29,24,32,0.25134984000580435,0.44280078895463504
87,1,2,2,0.2500718233238914,28,18,27,-0.13933982266074818,-0.557199211045365
88,1,2,2,0.6878966282377817,24,17,24,-3.134881971485986,-4.557199211045365
89,1,1,2,1.1057366470398051,40,28,40,12.652724177123135,11.442800788954635
90,1,2,2,-1.5686751952581421,30,20,32,-2.2632858093320136,1.442800788954635
91,2,3,1,0.2680216313950465,38,27,35,2.5308748723940533,9.442800788954635
92,2,3,2,-0.6362849063065367,27,16,29,0.9908223541006128,-1.557199211045365
93,1,2,2,-0.4055931425725216,26,24,32,1.0371824641918626,-2.557199211045365
94,2,2,1,0.5534458792800966,28,17,30,-0.30837960729117814,-0.557199211045365
95,2,4,2,-0.0958524040298085,22,12,20,0.6285233080810619,-6.557199211045365
96,2,2,1,-0.6947632992684355,23,19,26,3.8609380585578243,-5.557199211045365
97,2,2,2,0.8224960092967858,30,24,31,1.1866978911254413,1.442800788954635
98,2,3,2,0.05278885265420672,29,23,27,0.023374945603292716,0.44280078895463504
99,1,3,2,0.5392553715537666,32,24,35,1.8565488186333323,3.442800788954635
100,2,2,2,0.23369770545553037,26,17,24,-0.5976115880139944,-2.557199211045365
101,1,2,1,-0.5157274008725439,26,17,24,1.318817702625746,-2.557199211045365
102,2,2,1,0.800341004576849,32,20,27,2.755414641989921,3.442800788954635
103,1,4,1,0.20548667388568478,26,20,32,-0.5254703603408093,-2.557199211045365
104,2,2,1,0.25631199801338506,23,15,20,-1.4243768331414446,-5.557199211045365
105,2,3,1,0.10752210922805087,27,24,40,-0.16743334365985438,-1.557199211045365
106,2,2,1,-0.648143171789517,28,15,24,0.3611448639655593,-0.557199211045365
107,2,3,1,1.1057366470398051,37,28,40,9.33551423600372,8.442800788954635
108,2,2,1,0.23182475105009848,28,15,29,-0.12917256838590302,-0.557199211045365
109,2,2,1,1.1057366470398051,19,17,32,-10.567745410712773,-9.557199211045365
110,2,2,1,0.6881938924404195,26,10,35,-1.7598488787948796,-2.557199211045365
111,2,2,1,-0.2608464268006891,28,20,32,0.1453434232173465,-0.557199211045365
112,2,2,1,-0.06152847809029235,28,15,25,0.03428361944873292,-0.557199211045365
113,1,2,1,0.4007480580486187,36,22,29,2.982687962616297,7.442800788954635
114,1,2,1,0.6839886957916379,29,28,40,0.30287073413258914,0.44280078895463504
115,2,2,1,0.09722536999109448,25,16,24,-0.345850009425915,-3.557199211045365
116,2,2,2,1.1057366470398051,36,28,40,8.229777588963914,7.442800788954635
117,2,1,2,-0.4712908835356561,25,8,12,1.6764755590859088,-3.557199211045365
118,2,1,1,1.1057366470398051,29,22,32,0.4896210596852785,0.44280078895463504
119,1,1,2,-0.07775396385733448,21,20,22,0.587602194318298,-7.557199211045365
120,1,2,1,-0.7158537665890586,25,20,24,2.5464344537344523,-3.557199211045365
121,2,4,1,1.1057366470398051,35,23,38,7.124040941924109,6.442800788954635
122,1,2,2,0.38437394018025767,28,22,32,-0.2141728562148379,-0.557199211045365
123,2,2,2,0.22171215965272692,33,19,31,0.9850229578259712,4.442800788954635
124,2,1,2,1.1057366470398051,28,28,40,-0.6161155873545267,-0.557199211045365
125,1,2,1,0.5676363870064268,30,26,38,0.8189862270122311,1.442800788954635
126,2,4,1,0.9711372659808011,31,20,30,2.372294879521148,2.442800788954635
127,1,2,2,0.12141535275174327,30,18,28,0.1751781667414205,1.442800788954635
128,1,2,1,-0.09803601417183945,21,12,18,0.7408776889534573,-7.557199211045365
129,1,2,1,0.5535945113814155,25,12,18,-1.9692459591250153,-3.557199211045365
130,1,1,2,1.1057366470398051,26,18,31,-2.827588881434137,-2.557199211045365
131,1,1,1,0.11923174260971241,35,28,31,0.7681863653542911,6.442800788954635
132,1,1,1,-2.4952632455766763,22,4,8,16.36193818524588,-6.557199211045365
133,2,2,1,1.1057366470398051,36,20,25,8.229777588963914,7.442800788954635
134,2,1,1,0.41899513032241154,34,19,24,2.2805070258869717,5.442800788954635
135,1,2,1,-1.7791196519931092,22,4,8,11.66604197840452,-6.557199211045365
136,2,2,1,0.9267007486439134,32,17,28,3.190446068556116,3.442800788954635
137,1,2,2,-0.21220471281501962,28,20,29,0.11824029856063718,-0.557199211045365
138,1,3,1,0.8084541336717747,30,20,33,1.1664382618952724,1.442800788954635
139,2,2,2,1.1057366470398051,37,28,40,9.33551423600372,8.442800788954635
140,2,2,1,-0.5034178077991801,23,24,30,2.7975930443277908,-5.557199211045365
141,2,4,2,-0.6704602001447338,29,21,27,-0.29688030558677064,0.44280078895463504
142,2,2,1,0.6658902556191639,24,15,25,-3.03459454755045,-4.557199211045365
143,1,2,1,1.1057366470398051,31,28,40,2.701094353764889,2.442800788954635
144,1,2,1,-0.165584585336101,26,15,26,0.42343277098275134,-2.557199211045365
145,1,2,2,0.0014523757230259597,36,22,24,0.010809743177196171,7.442800788954635
146,2,1,2,0.9570953903557898,33,26,30,4.252184155377548,4.442800788954635
147,2,2,1,0.07088729282668077,27,21,29,-0.11038563646284906,-1.557199211045365
148,2,2,2,-0.6947632992684355,28,18,24,0.38712156221564703,-0.557199211045365
149,1,3,1,0.4026210124540505,36,26,38,2.996627989142721,7.442800788954635
150,1,3,1,0.8043975691243118,35,24,38,5.182573292987307,6.442800788954635
151,1,2,2,-2.4952632455766763,22,4,8,16.36193818524588,-6.557199211045365
152,2,2,1,0.3865575503222885,28,20,28,-0.2153895620632081,-0.557199211045365
153,2,2,2,-0.6298960995157241,22,18,16,4.130354206785059,-6.557199211045365
154,1,2,1,-0.5179110110145747,29,24,30,-0.22933140428554635,0.44280078895463504
155,1,2,1,-0.9335808112085283,32,24,28,-3.2141327533816293,3.442800788954635
156,2,1,1,0.07088729282668077,32,17,34,0.2440508276705548,3.442800788954635
157,1,2,1,0.5673391228037891,28,24,30,-0.3161209116214407,-0.557199211045365
158,2,1,2,0.09722536999109448,25,16,24,-0.345850009425915,-3.557199211045365
159,1,1,2,0.13590312468071108,27,17,24,-0.21162823853140317,-1.557199211045365
160,2,1,2,0.836537884921797,22,16,24,-5.485345559018766,-6.557199211045365
161,1,1,2,0.6878966282377817,25,16,24,-2.446985343248204,-3.557199211045365
162,2,1,2,-0.5136924228318317,25,23,28,1.8273062812173737,-3.557199211045365
163,2,1,2,-0.06356345613100438,27,16,25,0.09898096373851668,-1.557199211045365
164,1,1,2,-0.917503957542805,37,28,39,-7.746303136611394,8.442800788954635
165,1,1,2,0.14979636820440353,33,24,32,0.665515422841063,4.442800788954635
166,2,1,2,-0.6602907412276006,28,12,23,0.3679134800725783,-0.557199211045365
167,2,1,2,0.6697981880653078,27,17,23,-1.0430092100149122,-1.557199211045365
168,2,1,2,-0.5133951586291942,26,20,30,1.3128536946010854,-2.557199211045365
169,1,1,2,0.8043975691243118,28,16,25,-0.448209690882876,-0.557199211045365
170,2,1,2,-0.06356345613100438,28,23,30,0.035417507607512305,-0.557199211045365
171,2,1,2,-0.6843400521344649,28,24,24,0.38131373713606775,-0.557199211045365
172,2,1,2,-1.3715408566897764,27,13,26,2.135762339953804,-1.557199211045365
173,2,1,2,0.07103592492799964,24,20,27,-0.3237248610377577,-4.557199211045365
174,1,1,1,-2.4952632455766763,28,15,30,1.3903587117858207,-0.557199211045365
175,1,1,2,-1.2309906048963821,28,21,31,0.6859069938525207,-0.557199211045365
176,1,1,2,-1.5301460726698444,28,19,25,0.852596184475801,-0.557199211045365
177,2,1,2,0.26831889559768424,32,20,27,0.9237685054551437,3.442800788954635
178,1,1,2,0.5394040036550853,23,21,27,-2.9975755035467513,-5.557199211045365
179,2,1,2,0.5191219533405805,28,19,22,-0.28925434283770024,-0.557199211045365
180,1,1,2,0.20548667388568478,30,18,31,0.2964763352019298,1.442800788954635
181,2,1,2,0.800341004576849,27,16,29,-1.246290380894324,-1.557199211045365
182,2,1,2,-0.36084596949903486,28,21,23,0.20106308951376206,-0.557199211045365
183,2,1,2,-0.23030315298749368,26,10,19,0.5889310411208788,-2.557199211045365
184,2,1,2,0.05278885265420672,32,22,29,0.18174150356591287,3.442800788954635
185,1,2,1,0.5534458792800966,28,15,25,-0.30837960729117814,-0.557199211045365
186,2,2,2,-0.3811280198135399,26,20,32,0.9746202715744664,-2.557199211045365
187,2,2,1,-0.3649025340464977,27,15,26,0.5682259381256607,-1.557199211045365
188,2,2,2,-0.18399368124517404,26,16,21,0.47050849651749144,-2.557199211045365
189,2,2,2,-0.782593920747202,30,16,25,-1.129127126285164,1.442800788954635
190,1,1,2,1.1057366470398051,27,28,40,-1.7218522343943317,-1.557199211045365
191,2,1,2,0.8224960092967858,29,18,24,0.3642018818286556,0.44280078895463504
192,1,1,2,-0.7897144849964245,26,20,28,2.0194572579839534,-2.557199211045365
193,1,1,2,-0.3630295796410658,26,12,24,0.928338954644264,-2.557199211045365
194,1,1,2,-0.36708614418852864,28,11,22,0.20454010992753324,-0.557199211045365
195,2,1,2,0.3865575503222885,34,28,39,2.103955739870523,5.442800788954635
196,2,1,2,-1.6737737156989596,31,20,30,-4.088695753240949,2.442800788954635
197,2,1,2,-0.25678986225322625,32,24,32,-0.8840763403609594,3.442800788954635
198,1,2,1,0.9570953903557898,26,20,29,-2.4474835771129815,-2.557199211045365
199,2,2,2,-1.8962037182367304,22,9,14,12.433785525203175,-6.557199211045365
200,2,2,1,-0.07978894189804653,29,18,25,-0.03533060642231054,0.44280078895463504
201,1,2,2,0.5512622691380658,27,19,32,-0.8584251705808736,-1.557199211045365
202,2,2,1,0.5534458792800966,22,15,18,-3.6290548829717575,-6.557199211045365
203,1,2,2,-0.8030246031630258,24,13,18,3.6595430879845585,-4.557199211045365
204,2,1,2,0.2680216313950465,27,20,26,-0.41736307295145797,-1.557199211045365
205,2,1,2,-0.6643686575565592,27,16,28,1.0345543493903422,-1.557199211045365
206,2,1,2,-0.4954453505580389,28,21,21,0.27606175844703357,-0.557199211045365
207,2,1,2,-0.7766430500128116,30,18,28,-1.1205412052946186,1.442800788954635
208,2,1,2,-0.36084596949903486,27,12,22,0.5619090590127969,-1.557199211045365
209,2,1,2,-0.07775396385733448,25,16,28,0.27658633888896,-3.557199211045365
210,2,1,2,-0.4812548428317088,28,19,32,0.26815481873758923,-0.557199211045365
211,1,2,2,0.11780468450823711,23,21,31,-0.6546640998066234,-5.557199211045365
212,2,1,2,0.20548667388568478,21,12,22,-1.5529037297692332,-7.557199211045365
213,2,1,2,-0.08181052840479729,36,23,34,-0.6088994653560208,7.442800788954635
214,2,1,2,-0.21220471281501962,28,18,25,0.11824029856063718,-0.557199211045365
215,2,1,2,-0.7807209663417702,23,15,22,4.338621938201061,-5.557199211045365
216,2,1,2,0.25210680136460345,31,19,30,0.6158466932742828,2.442800788954635
217,1,1,2,1.1057366470398051,28,28,40,-0.6161155873545267,-0.557199211045365
218,2,1,2,-1.415977374026664,26,12,23,3.6209362237190725,-2.557199211045365
219,1,1,2,0.8043975691243118,27,16,25,-1.2526072600071878,-1.557199211045365
220,1,2,2,-0.38735480296907215,14,15,15,5.63880103217601,-14.557199211045365
221,1,3,1,-0.6947632992684355,26,20,28,1.776648160752518,-2.557199211045365
222,1,2,2,0.05278885265420672,26,19,27,-0.13499161235932744,-2.557199211045365
223,2,4,1,-0.09803601417183945,26,10,22,0.25069761809426006,-2.557199211045365
224,1,2,2,-0.4720226409940658,28,18,25,0.26301064315744305,-0.557199211045365
225,1,4,1,-0.6949119313697545,26,20,24,1.777028242644747,-2.557199211045365
226,1,1,1,1.1057366470398051,27,14,29,-1.7218522343943317,-1.557199211045365
227,1,4,1,0.2561633659120661,26,18,26,-0.6550607572090607,-2.557199211045365
228,2,1,2,1.1057366470398051,26,17,24,-2.827588881434137,-2.557199211045365
229,1,2,2,1.1057366470398051,28,28,40,-0.6161155873545267,-0.557199211045365
230,1,2,2,0.5394040036550853,25,20,27,-1.9187674962365808,-3.557199211045365
231,1,2,2,0.05278885265420672,26,21,29,-0.13499161235932744,-2.557199211045365
232,1,4,1,-0.31905235014209593,34,16,24,-1.7365383830712302,5.442800788954635
233,1,1,2,1.1057366470398051,33,28,40,4.912567647844499,4.442800788954635
234,2,1,2,-1.6809709394958905,33,20,29,-7.4682190162021564,4.442800788954635
235,1,2,2,0.5534458792800966,29,21,30,0.24506627198891848,0.44280078895463504
236,2,1,2,-1.6847168483067543,15,4,11,22.84004192669916,-13.557199211045365
237,2,2,2,-0.9150096916641752,20,14,15,7.829920211607543,-8.557199211045365
238,1,4,1,-1.052835096060219,25,28,40,3.7451441730662824,-3.557199211045365
239,1,1,1,-0.15965583880601533,30,21,31,-0.23035157019053296,1.442800788954635
240,1,2,1,-1.7941825890316336,28,20,30,0.9997171230797566,-0.557199211045365
241,2,2,1,0.07088729282668077,27,21,32,-0.11038563646284906,-1.557199211045365
242,1,2,1,-0.6947632992684355,26,12,24,1.776648160752518,-2.557199211045365
243,2,2,1,1.1057366470398051,31,22,32,2.701094353764889,2.442800788954635
244,2,2,1,0.20548667388568478,34,26,35,1.118423030744669,5.442800788954635
245,1,2,1,0.9711372659808011,34,18,38,5.285706677463551,5.442800788954635
246,2,2,1,0.836686517023116,25,20,32,-2.9762606182469225,-3.557199211045365
247,1,2,1,-0.8334192448749023,27,12,24,1.2977997905892216,-1.557199211045365
248,2,2,1,1.1057366470398051,18,16,32,-11.673482057752578,-10.557199211045365
249,1,2,1,0.2519447777293233,30,24,27,0.3635061240808678,1.442800788954635
250,2,2,1,0.24992319122257253,32,20,29,0.8604357599191328,3.442800788954635
251,2,2,1,1.1057366470398051,34,20,33,6.018304294884304,5.442800788954635
252,2,2,1,-1.0842436543992944,27,24,32,1.6883833632115246,-1.557199211045365
253,2,2,1,-0.08771792315338718,29,22,26,-0.03884156557778189,0.44280078895463504
254,2,2,1,-0.15154270971108974,26,16,32,0.38752489771287546,-2.557199211045365
255,1,2,1,1.1057366470398051,21,20,25,-8.356272116633162,-7.557199211045365
256,1,4,1,0.6880452603391006,26,21,31,-1.7594687969026508,-2.557199211045365
257,1,2,1,0.836537884921797,27,19,21,-1.3026561344097807,-1.557199211045365
258,1,4,1,1.1057366470398051,33,14,27,4.912567647844499,4.442800788954635
259,2,4,1,0.20563530598700364,37,24,32,1.736137923624002,8.442800788954635
260,2,4,1,-0.07760533175601562,22,10,17,0.5088736201634595,-6.557199211045365
261,2,2,2,0.800341004576849,23,13,23,-4.44765439920172,-5.557199211045365
262,2,2,1,0.8062705235297436,32,18,21,2.775828794519068,3.442800788954635
263,1,2,2,-0.5157274008725439,30,28,36,-0.7440919008644297,1.442800788954635
264,1,2,2,-1.26702546160605,24,13,24,5.77408743400548,-4.557199211045365
265,1,2,2,0.20548667388568478,26,20,32,-0.5254703603408093,-2.557199211045365
266,1,2,2,-0.7783887240984204,27,17,26,1.2121063070526685,-1.557199211045365
267,2,2,2,-0.6947632992684355,27,16,24,1.0818848614840826,-1.557199211045365
268,1,2,2,0.22761955440131684,21,16,24,-1.7201663169401291,-7.557199211045365
269,1,2,2,-0.6947632992684355,26,16,28,1.776648160752518,-2.557199211045365
270,2,2,2,0.22562009209887088,34,21,33,1.2280052152797518,5.442800788954635
271,1,2,2,0.5372203935130545,26,21,32,-1.3737795664490635,-2.557199211045365
272,1,2,2,0.9570953903557898,23,28,40,-5.318769748180351,-5.557199211045365
273,1,2,2,1.1057366470398051,28,28,40,-0.6161155873545267,-0.557199211045365
274,2,4,1,-0.49950191510550174,27,14,24,0.7778239881179362,-1.557199211045365
275,2,3,2,-1.246905434926825,30,19,36,-1.7990361452642454,1.442800788954635
276,2,1,2,0.9712858980821201,33,20,27,4.315229754299755,4.442800788954635
277,1,2,2,-0.3630295796410658,33,18,32,-1.6128681028431966,4.442800788954635
278,1,2,2,0.3865575503222885,25,20,27,-1.3750622130300736,-3.557199211045365
279,1,2,2,1.1057366470398051,28,28,40,-0.6161155873545267,-0.557199211045365
280,2,1,1,-0.2100211026729887,20,18,29,1.7971924140961766,-8.557199211045365
281,1,2,2,0.5673391228037891,37,28,40,4.789931193612661,8.442800788954635
282,2,2,1,0.34008605494468874,28,21,32,-0.1894956815027112,-0.557199211045365
283,2,2,1,-1.5019350410999988,20,8,16,12.852357348742297,-8.557199211045365
284,2,2,1,1.1057366470398051,29,20,32,0.4896210596852785,0.44280078895463504
285,2,4,1,0.5230512375682203,30,19,28,0.7546587382271264,1.442800788954635
286,2,4,1,1.1057366470398051,32,17,27,3.806831000804694,3.442800788954635
287,2,4,1,0.05278885265420672,32,20,32,0.18174150356591287,3.442800788954635
288,1,2,2,1.1057366470398051,28,28,40,-0.6161155873545267,-0.557199211045365
289,1,2,2,1.1057366470398051,29,28,34,0.4896210596852785,0.44280078895463504
290,1,2,1,-1.5769148322500819,29,15,24,-0.6982591318346022,0.44280078895463504
291,2,4,1,1.1057366470398051,36,28,40,8.229777588963914,7.442800788954635
292,1,4,1,0.836686517023116,29,24,32,0.37048544984554144,0.44280078895463504
293,1,2,2,0.8368351491244348,28,17,31,-0.4662838848671654,-0.557199211045365
294,2,2,2,0.5535945113814155,37,28,40,4.67388817745197,8.442800788954635
295,2,3,2,0.07088729282668077,28,20,27,-0.03949834363616828,-0.557199211045365
296,2,2,2,0.800341004576849,31,20,30,1.955073637413072,2.442800788954635
297,2,2,2,-1.247054067028144,29,16,26,-0.5521965247491485,0.44280078895463504
298,1,2,2,-0.5620368726148635,29,23,29,-0.24887037061545725,0.44280078895463504
299,2,2,2,-1.0842436543992944,26,18,29,2.772627017610819,-2.557199211045365
300,2,2,2,-0.7928685357798537,31,17,28,-1.9368198847403328,2.442800788954635
301,1,3,1,0.9549117802137589,29,24,38,0.4228356896607275,0.44280078895463504
302,2,2,1,0.20548667388568478,37,20,29,1.7348830524017234,8.442800788954635
303,2,1,2,0.20548667388568478,26,20,32,-0.5254703603408093,-2.557199211045365
304,2,2,2,-0.7170448118853864,28,8,31,0.39953680346670944,-0.557199211045365
305,1,2,2,-0.21626127736248243,27,18,28,0.3367618904885205,-1.557199211045365
306,1,2,2,0.07088729282668077,23,19,29,-0.3939348077695721,-5.557199211045365
307,1,2,1,-0.5812551579528636,19,16,24,5.5551713370031575,-9.557199211045365
308,1,2,2,-1.9429724778169677,25,17,24,6.911540165173375,-3.557199211045365
309,1,2,2,-0.6947632992684355,28,20,32,0.38712156221564703,-0.557199211045365
310,1,2,1,-0.8474611204999135,23,12,16,4.70951027023374,-5.557199211045365
311,1,2,2,-2.4952632455766763,28,17,21,1.3903587117858207,-0.557199211045365
312,1,2,2,1.1057366470398051,35,23,23,7.124040941924109,6.442800788954635
313,1,2,2,0.4007480580486187,29,23,32,0.17745155627596623,0.44280078895463504
314,2,4,1,1.1057366470398051,28,17,26,-0.6161155873545267,-0.557199211045365
315,1,4,1,-1.07007449845446,36,28,35,-7.964351321337089,7.442800788954635
316,2,2,2,-0.42758612365717835,33,22,27,-1.899679967530166,4.442800788954635
317,2,2,1,0.5392553715537666,23,9,16,-2.996749525350567,-5.557199211045365
318,1,1,2,-1.1411250053769033,27,16,24,1.7769589580770517,-1.557199211045365
319,2,4,1,0.9711372659808011,28,20,17,-0.5411169184212551,-0.557199211045365
320,1,1,1,-0.7562558435827884,31,20,32,-1.8473823713555886,2.442800788954635
321,1,1,2,1.1057366470398051,30,12,23,1.5953577067250837,1.442800788954635
322,2,1,2,0.20548667388568478,36,22,33,1.5293963785160385,7.442800788954635
323,2,1,2,-0.23030315298749368,28,20,28,0.12832473514589146,-0.557199211045365
324,1,1,2,-1.2957091725477747,36,20,32,-9.643705251694335,7.442800788954635
325,1,1,2,0.09722536999109448,29,20,32,0.043051470538462935,0.44280078895463504
326,1,1,1,-0.7972437163114501,27,16,24,1.241467286051065,-1.557199211045365
327,1,1,2,-2.4952632455766763,33,24,24,-11.085957516097562,4.442800788954635
328,1,2,2,-2.360663864517672,21,8,13,17.840007094476253,-7.557199211045365
329,2,2,2,-0.3162608200608283,23,14,16,1.7575243797265951,-5.557199211045365
330,2,4,1,-1.4179989605334151,30,24,32,-2.0458900189944638,1.442800788954635
331,1,3,1,0.6513890921562348,33,27,37,2.893991972548163,4.442800788954635
332,2,2,1,0.5492406826313151,20,22,24,-4.699961936086707,-8.557199211045365
333,2,4,1,0.4007480580486187,27,17,24,-0.6240445598212712,-1.557199211045365
334,2,4,1,0.40480462259608135,32,28,32,1.3936616740462722,3.442800788954635
335,1,2,2,-0.2870358718637839,33,28,30,-1.2752431979747005,4.442800788954635
336,2,4,1,1.1057366470398051,29,18,25,0.4896210596852785,0.44280078895463504
337,2,4,1,-0.49762896070006973,27,20,24,0.7749074249954735,-1.557199211045365
338,2,2,2,0.07103592492799964,25,18,24,-0.25268893610975807,-3.557199211045365
339,2,2,1,-0.6947632992684355,26,18,24,1.776648160752518,-2.557199211045365
340,1,2,1,-0.6947632992684355,37,28,40,-5.865748131200273,8.442800788954635
341,2,4,1,-0.3468040938740236,32,24,40,-1.1939774080021859,3.442800788954635
342,2,2,1,1.1057366470398051,22,12,20,-7.250535469593357,-6.557199211045365
343,1,3,1,1.1057366470398051,28,28,33,-0.6161155873545267,-0.557199211045365
344,2,4,2,0.9712858980821201,37,28,40,8.200373346628234,8.442800788954635
345,2,2,1,1.1057366470398051,28,16,24,-0.6161155873545267,-0.557199211045365
346,1,2,1,-0.6947632992684355,25,15,24,2.4714114600209536,-3.557199211045365
347,1,2,1,0.836537884921797,31,28,40,2.0434954052774077,2.442800788954635
348,1,1,1,0.41914376242373036,33,22,30,1.8621722383815633,4.442800788954635
349,2,2,1,1.1057366470398051,37,17,29,9.33551423600372,8.442800788954635
350,1,4,1,0.5027478354722196,37,27,34,4.24459982197009,8.442800788954635
351,2,4,1,0.8043975691243118,27,21,28,-1.2526072600071878,-1.557199211045365
352,1,2,1,1.1057366470398051,30,24,29,1.5953577067250837,1.442800788954635
353,2,4,1,0.1357544925793923,24,14,24,-0.6186602664786703,-4.557199211045365
354,1,2,1,1.1057366470398051,20,12,16,-9.462008763672968,-8.557199211045365
355,2,4,2,-2.4952632455766763,22,4,8,16.36193818524588,-6.557199211045365
356,1,2,2,-1.291490584365032,27,20,32,2.011108119045745,-1.557199211045365
357,2,2,1,0.7921013675849093,26,16,24,-2.025560992256085,-2.557199211045365
358,1,2,1,0.40480462259608135,36,20,32,3.0128801644305976,7.442800788954635
359,2,1,1,1.1057366470398051,29,20,27,0.4896210596852785,0.44280078895463504
360,1,2,2,-0.12128873985299767,36,20,22,-0.9027279286692045,7.442800788954635
361,2,1,1,-0.21220471281501962,27,18,25,0.3304450113756568,-1.557199211045365
362,2,2,2,0.4007480580486187,34,22,27,2.18119184651906,5.442800788954635
363,2,3,2,-0.6298960995157241,33,16,24,-2.7985028878879064,4.442800788954635
364,2,3,1,1.1057366470398051,31,23,26,2.701094353764889,2.442800788954635
365,1,3,2,-0.4952967184567201,27,18,24,0.7712756592141627,-1.557199211045365
366,2,4,2,1.1057366470398051,28,21,32,-0.6161155873545267,-0.557199211045365
367,1,4,2,0.5492406826313151,25,20,36,-1.9537585229301317,-3.557199211045365
368,1,2,1,-0.6947632992684355,30,21,32,-1.002405036321224,1.442800788954635
369,2,2,2,0.05699404930298838,31,16,20,0.1392251086030594,2.442800788954635
370,2,1,2,-0.5601639182094317,25,11,25,1.9926146479106708,-3.557199211045365
371,2,1,1,0.6878966282377817,27,20,22,-1.0711920867726406,-1.557199211045365
372,2,2,1,1.1057366470398051,18,11,22,-11.673482057752578,-10.557199211045365
373,2,2,2,-0.7869611410312638,27,17,24,1.2254552679372441,-1.557199211045365
374,1,2,2,-0.8006923609196761,34,28,40,-4.358009013723563,5.442800788954635
375,1,2,2,-1.7740491708184474,22,12,18,11.632793823246407,-6.557199211045365
376,2,2,2,1.1057366470398051,34,28,40,6.018304294884304,5.442800788954635
377,2,1,2,-2.360663864517672,11,9,22,41.44664573965297,-17.557199211045365
378,1,2,2,0.6880452603391006,31,21,29,1.6807575047928522,2.442800788954635
379,1,2,1,1.1057366470398051,37,28,40,9.33551423600372,8.442800788954635
380,1,2,2,-0.18773959005603783,26,20,27,0.48008753157328016,-2.557199211045365
381,2,1,1,0.5534458792800966,28,19,29,-0.30837960729117814,-0.557199211045365
382,2,4,1,1.1057366470398051,33,18,33,4.912567647844499,4.442800788954635
383,1,3,1,0.27020524153707737,32,22,29,0.9302628187435277,3.442800788954635
384,1,2,2,0.05278885265420672,29,15,28,0.023374945603292716,0.44280078895463504
385,1,2,1,0.2703538736383963,25,12,24,-0.9617025860095616,-3.557199211045365
386,1,2,1,-0.6947632992684355,25,17,22,2.4714114600209536,-3.557199211045365
387,2,1,1,-0.20207872988368678,27,16,24,0.31467683874392643,-1.557199211045365
388,2,2,1,-0.22826817494678164,27,21,24,0.3554590219338937,-1.557199211045365
389,1,2,2,0.09955761223444425,32,20,32,0.34275702594718427,3.442800788954635
390,2,2,2,0.836686517023116,28,12,27,-0.4662010671775746,-0.557199211045365
391,2,3,2,0.9711372659808011,32,18,27,3.343432145501949,3.442800788954635
392,1,2,1,0.5394040036550853,24,20,32,-2.458171499891666,-4.557199211045365
393,2,3,2,0.20143010933822195,23,14,25,-1.1193872446951485,-5.557199211045365
394,2,4,1,0.2703538736383963,36,28,38,2.012190024012798,7.442800788954635
395,2,2,2,-0.09600103613112738,22,16,24,0.6294979183785661,-6.557199211045365
396,1,1,1,0.9530388258083272,30,20,32,1.3750451697806536,1.442800788954635
397,1,2,1,1.1057366470398051,28,28,40,-0.6161155873545267,-0.557199211045365
398,2,1,1,1.1057366470398051,28,24,32,-0.6161155873545267,-0.557199211045365
399,2,1,2,-1.6971964252629326,26,13,22,4.340069359671385,-2.557199211045365
400,1,2,1,-0.782593920747202,32,22,25,-2.6943149677795684,3.442800788954635
401,2,1,2,-0.27301534802026844,21,12,20,2.0632313726620484,-7.557199211045365
402,1,3,1,0.6513890921562348,34,27,40,3.545381064704398,5.442800788954635
403,2,1,1,0.6880452603391006,22,21,32,-4.5116498382590535,-6.557199211045365
404,1,2,2,-0.3448038591487686,21,15,27,2.6057514523244714,-7.557199211045365
405,2,2,1,0.6880452603391006,23,18,16,-3.823604577919953,-5.557199211045365
406,1,2,1,0.5534458792800966,26,28,39,-1.4152713658513714,-2.557199211045365
407,1,1,1,1.1057366470398051,28,28,40,-0.6161155873545267,-0.557199211045365
408,2,2,1,0.23385972909081051,29,17,26,0.10355327254612812,0.44280078895463504
409,1,2,2,1.1057366470398051,29,17,25,0.4896210596852785,0.44280078895463504
410,2,2,1,0.6878966282377817,27,21,28,-1.0711920867726406,-1.557199211045365
411,2,1,2,1.1057366470398051,28,20,31,-0.6161155873545267,-0.557199211045365
412,2,3,1,0.25210680136460345,31,17,26,0.6158466932742828,2.442800788954635
413,2,1,2,-0.06341482402968553,26,19,22,0.1621643379772925,-2.557199211045365
414,2,2,2,0.23981059982520095,20,14,20,-2.052107075624525,-8.557199211045365
415,1,2,1,0.13590312468071108,26,24,32,-0.34753136321211425,-2.557199211045365
416,2,1,1,0.05699404930298838,18,15,26,-0.6016975323357896,-10.557199211045365
417,2,4,2,1.1057366470398051,32,20,24,3.806831000804694,3.442800788954635
418,2,4,2,0.20548667388568478,26,20,26,-0.5254703603408093,-2.557199211045365
419,2,1,1,0.20548667388568478,29,20,32,0.09098966131624503,0.44280078895463504
420,2,2,2,0.20548667388568478,27,16,31,-0.31998368645512454,-1.557199211045365
421,1,3,1,-1.5056809499108625,31,17,31,-3.6780786123562192,2.442800788954635
422,1,1,1,0.549389314732634,29,20,32,0.24327002200685663,0.44280078895463504
423,2,4,1,-0.03707674686527181,24,24,31,0.16896612156254542,-4.557199211045365
424,1,3,1,1.1057366470398051,34,26,33,6.018304294884304,5.442800788954635
425,1,3,2,-0.5650288997630125,23,18,25,3.139978155980844,-5.557199211045365
426,2,2,1,0.2500718233238914,27,19,27,-0.38941164598463957,-1.557199211045365
427,2,4,2,0.27020524153707737,28,18,29,-0.1505581474047818,-0.557199211045365
428,1,3,1,1.1057366470398051,28,28,40,-0.6161155873545267,-0.557199211045365
429,2,1,1,-0.6947632992684355,29,13,24,-0.30764173705278847,0.44280078895463504
430,2,2,1,0.40480462259608135,33,24,32,1.7984662966423535,4.442800788954635
431,1,2,1,-0.06356345613100438,27,16,26,0.09898096373851668,-1.557199211045365
432,2,4,1,0.8184394447493232,25,24,35,-2.911352147150699,-3.557199211045365
433,1,2,1,0.20548667388568478,23,28,40,-1.1419303819978637,-5.557199211045365
434,2,3,2,-0.3468040938740236,30,20,32,-0.5003692202541385,1.442800788954635
435,2,4,1,0.5392553715537666,27,18,26,-0.8397280391355004,-1.557199211045365
436,1,1,2,1.1057366470398051,28,28,40,-0.6161155873545267,-0.557199211045365
437,1,3,1,-0.2284301985820618,25,21,29,0.8125717221750463,-3.557199211045365
438,2,3,1,0.2662973090909335,35,17,36,1.7157005131075629,6.442800788954635
439,2,4,1,1.1057366470398051,28,28,40,-0.6161155873545267,-0.557199211045365
440,1,1,2,-0.33261358614769354,32,21,32,-1.1451223168063098,3.442800788954635
441,2,3,2,-0.5663685771606591,34,20,32,-3.0826313386091497,5.442800788954635
442,2,1,2,0.43333427015006043,37,28,40,3.658554917904011,8.442800788954635
443,1,1,2,1.1057366470398051,28,21,25,-0.6161155873545267,-0.557199211045365
444,1,2,2,0.0011551115203882745,26,20,32,-0.0029538502686063074,-2.557199211045365
445,1,2,2,-0.3630295796410658,27,20,27,0.5653093750031981,-1.557199211045365
446,1,2,2,0.20548667388568478,26,20,32,-0.5254703603408093,-2.557199211045365
447,1,2,2,0.6253616707284201,28,18,28,-0.348451029547887,-0.557199211045365
448,1,2,2,0.2703538736383963,27,20,30,-0.420994838732769,-1.557199211045365
449,2,4,2,-0.48531140737917156,27,15,25,0.7557265406821616,-1.557199211045365
450,1,1,1,-0.17369771443102655,28,24,32,0.0967842294413511,-0.557199211045365
451,2,4,1,-0.6947632992684355,26,23,28,1.776648160752518,-2.557199211045365
452,1,2,1,-0.21033175840958776,31,18,21,-0.5137985853851567,2.442800788954635
453,1,4,2,-0.3812766519148587,25,16,26,1.3562770053815536,-3.557199211045365
454,2,2,2,-1.2005959631845056,34,20,32,-6.534604655636377,5.442800788954635
455,1,2,1,-0.01725398438868477,30,20,29,-0.02489406228860534,1.442800788954635
456,1,2,2,-0.784777530889233,23,22,26,4.361165075503775,-5.557199211045365
457,1,1,2,0.8368351491244348,24,20,26,-3.8136244813649047,-4.557199211045365
458,2,2,1,1.1057366470398051,28,28,40,-0.6161155873545267,-0.557199211045365
459,2,4,2,0.2703538736383963,34,20,32,1.4714822767360052,5.442800788954635
460,1,2,2,-0.24259935452689615,26,20,32,0.62037487799629365,-2.557199211045365
461,2,3,1,1.1057366470398051,31,24,34,2.701094353764889,2.442800788954635
462,1,1,2,0.38452257228157655,27,17,22,-0.5987782461860053,-1.557199211045365
463,2,2,2,-0.7626225261692962,28,18,27,0.424932669906955,-0.557199211045365
464,2,1,1,0.38452257228157655,26,20,32,-0.9833008184675819,-2.557199211045365
465,2,4,1,1.1057366470398051,31,16,39,2.701094353764889,2.442800788954635
466,1,1,1,-0.4508602011198322,27,19,25,0.7020791494755573,-1.557199211045365
467,2,2,1,-0.2304517850888125,29,21,29,-0.10204423225333017,0.44280078895463504
468,2,4,1,1.1057366470398051,27,20,28,-1.7218522343943317,-1.557199211045365
469,1,2,1,1.1057366470398051,32,23,30,3.806831000804694,3.442800788954635
470,2,1,1,0.9711372659808011,26,20,24,-2.4833914503828574,-2.557199211045365
471,2,3,2,0.41914376242373036,28,22,33,-0.23354657373708845,-0.557199211045365
472,2,1,1,1.1057366470398051,33,19,18,4.912567647844499,4.442800788954635
473,2,2,1,0.5534458792800966,36,27,36,4.119187426949595,7.442800788954635
474,2,4,1,1.1057366470398051,27,20,32,-1.7218522343943317,-1.557199211045365
475,2,2,2,0.22373374615947764,27,21,30,-0.34839801300376255,-1.557199211045365
476,2,1,1,-0.1677681954781319,26,15,25,0.4290166971151835,-2.557199211045365
477,2,2,2,-0.9982859873259597,29,19,26,-0.44204182279029175,0.44280078895463504
478,1,3,1,0.5171003668338298,25,18,30,-1.839429016932568,-3.557199211045365
479,1,2,1,-0.9639620613864436,31,23,31,-2.3547672840771408,2.442800788954635
480,2,1,1,-0.39548055117515,24,24,29,1.8022836557991797,-4.557199211045365
481,2,2,1,0.20548667388568478,37,28,36,1.7348830524017234,8.442800788954635
482,2,2,2,-0.8594814096181741,31,27,32,-2.0995418655071174,2.442800788954635
483,2,2,1,0.5534458792800966,26,28,40,-1.4152713658513714,-2.557199211045365
484,2,1,1,0.11765605240691827,32,19,23,0.4050663500518261,3.442800788954635
485,2,2,2,0.05278885265420672,26,17,24,-0.13499161235932744,-2.557199211045365
486,2,2,1,-0.784777530889233,30,20,27,-1.1322776407208557,1.442800788954635
487,2,4,1,1.1057366470398051,33,17,24,4.912567647844499,4.442800788954635
488,1,4,1,0.2500718233238914,26,18,30,-0.639483469308531,-2.557199211045365
489,2,3,2,-0.36084596949903486,24,17,24,1.6444469675099014,-4.557199211045365
490,2,3,2,-0.19801420508868953,27,10,19,0.30834756393988244,-1.557199211045365
491,1,3,1,0.41710878438301835,38,27,38,3.9386751582518746,9.442800788954635
492,2,3,2,-0.3649025340464977,21,12,16,2.7576411424046468,-7.557199211045365
493,2,2,1,1.1057366470398051,31,21,32,2.701094353764889,2.442800788954635
494,1,2,2,0.836537884921797,29,13,21,0.3704196354338134,0.44280078895463504
495,1,3,1,0.18738823371321076,35,27,38,1.2073050600082897,6.442800788954635
496,2,2,1,0.5535945113814155,28,20,28,-0.30846242498076903,-0.557199211045365
497,2,2,2,0.07103592492799964,32,20,30,0.24456253838623937,3.442800788954635
498,1,2,2,0.0011551115203882745,34,15,24,0.006287041894499888,5.442800788954635
499,1,2,2,-0.026631375526996532,32,16,26,-0.09168652067529082,3.442800788954635
500,2,1,2,0.5511136370367469,29,20,29,0.24403355328352988,0.44280078895463504
501,2,2,1,-0.6947632992684355,29,16,24,-0.30764173705278847,0.44280078895463504
502,2,2,2,0.219528549510696,38,21,33,2.072964360517667,9.442800788954635
503,2,3,2,0.20548667388568478,31,19,26,0.5019630090876146,2.442800788954635
504,1,4,1,0.1357544925793923,28,23,36,-0.07564229616110124,-0.557199211045365
505,2,2,2,0.20548667388568478,26,20,32,-0.5254703603408093,-2.557199211045365
506,2,2,2,0.5534458792800966,28,21,32,-0.30837960729117814,-0.557199211045365
507,2,2,2,-1.3978789338541902,26,14,18,3.574654906788871,-2.557199211045365
508,2,2,2,-0.9376239842220299,30,22,33,-1.352804624178333,1.442800788954635
509,2,2,2,0.8224960092967858,24,16,23,-3.7482781646552734,-4.557199211045365
510,2,2,2,-0.0799375739993654,28,20,29,0.04454115316532688,-0.557199211045365
511,2,2,2,-0.8228252414353082,29,20,32,-0.36434766607934255,0.44280078895463504
512,2,4,1,-0.0958524040298085,28,20,27,0.05340888390221086,-0.557199211045365
513,1,2,2,-1.114489664009852,23,14,22,6.193441081553764,-5.557199211045365
514,1,4,1,1.1057366470398051,35,24,32,7.124040941924109,6.442800788954635
515,2,3,2,1.1057366470398051,31,20,31,2.701094353764889,2.442800788954635
516,2,3,2,-0.26774638639498205,25,12,24,0.9524272344444776,-3.557199211045365
517,2,4,1,1.1057366470398051,34,28,38,6.018304294884304,5.442800788954635
518,2,4,1,0.07321953507003053,27,23,34,-0.11401740224415996,-1.557199211045365
519,2,2,1,0.5353474391076226,31,20,32,1.307747146616944,2.442800788954635
520,1,4,1,0.4867057251219533,31,24,38,1.1889251293166454,2.442800788954635
521,2,1,2,0.07088729282668077,21,16,24,-0.5357093934229337,-7.557199211045365
522,1,4,1,-0.6298960995157241,25,22,27,2.2406659082378866,-3.557199211045365
523,2,4,2,-0.06341482402968553,27,18,28,0.09874951394760695,-1.557199211045365
524,2,4,1,0.836537884921797,37,28,40,7.0627227148081895,8.442800788954635
525,2,1,1,0.3867061824236074,22,17,22,-2.5357094742944435,-6.557199211045365
526,2,4,1,0.5392553715537666,33,24,34,2.395804190187099,4.442800788954635
527,2,4,1,0.2703538736383963,34,28,32,1.4714822767360052,5.442800788954635
528,1,2,1,0.20548667388568478,29,22,32,0.09098966131624503,0.44280078895463504
529,2,2,1,-0.4094876834847043,39,16,28,-4.2761983041612766,10.442800788954635
530,2,3,1,0.4007480580486187,26,20,32,-1.0247926178698898,-2.557199211045365
531,2,3,1,-0.3811280198135399,30,19,28,-0.5498918076796931,1.442800788954635
532,2,3,1,0.9712858980821201,36,28,39,7.229087448546115,7.442800788954635
533,2,3,1,-0.6298960995157241,30,16,32,-0.9088145893407341,1.442800788954635
534,1,3,1,0.38264961787614465,23,13,25,-2.1264601545681217,-5.557199211045365
535,2,3,1,-0.4954453505580389,26,14,23,1.2669524595631114,-2.557199211045365
536,2,1,1,0.6535727022982657,31,14,23,1.5965479128134163,2.442800788954635
537,2,1,1,-0.8295113124287585,27,18,25,1.2917143612672681,-1.557199211045365
538,2,3,1,0.2703538736383963,40,28,40,3.093605518566383,11.442800788954635
539,2,3,1,1.1057366470398051,32,20,32,3.806831000804694,3.442800788954635
540,2,3,1,0.6677632100245958,32,19,29,2.298975706307558,3.442800788954635
541,2,3,1,0.20548667388568478,29,19,27,0.09098966131624503,0.44280078895463504
542,2,3,1,-0.3609946016003538,21,12,16,2.7281081184058293,-7.557199211045365
543,2,3,1,1.1057366470398051,34,26,40,6.018304294884304,5.442800788954635
544,2,2,1,-0.5157274008725439,29,18,30,-0.22836449999188577,0.44280078895463504
545,2,3,1,-1.5950132724225556,24,12,19,7.268793226690956,-4.557199211045365
546,2,3,1,0.9570953903557898,28,8,24,-0.5332927964014017,-0.557199211045365
547,2,3,1,0.6838400636903191,22,19,27,-4.484075526111373,-6.557199211045365
548,2,3,1,0.4046559904947625,29,20,32,0.17918199184630013,0.44280078895463504
549,1,1,1,0.27050250573971507,26,22,34,-0.6917287942633937,-2.557199211045365
550,1,3,1,0.8226446413981047,26,25,36,-2.1036662279539304,-2.557199211045365
551,2,3,1,-0.03504176882455976,30,18,32,-0.05055829170644076,1.442800788954635
552,1,2,1,0.05278885265420672,25,21,29,-0.18778046501353415,-3.557199211045365
553,2,3,1,0.24992319122257253,40,27,33,2.8598212896997133,11.442800788954635
554,1,3,1,-0.36708614418852864,25,20,30,1.305798542493119,-3.557199211045365
555,2,1,1,0.9712858980821201,32,20,28,3.343943856217634,3.442800788954635
556,1,3,1,0.8022139589822809,29,25,27,0.3552209739477752,0.44280078895463504
557,1,2,1,-0.6947632992684355,26,16,24,1.776648160752518,-2.557199211045365
558,2,3,1,-0.7685520451221909,30,21,30,-1.1088674970549952,1.442800788954635
559,1,3,1,0.2560147338107473,30,28,40,0.3693782599261571,1.442800788954635
560,2,3,1,-0.25260678980874934,26,20,32,0.6459658836036362,-2.557199211045365
561,2,2,2,-0.07775396385733448,26,22,26,0.19883237503162554,-2.557199211045365
562,1,3,2,1.1057366470398051,34,15,29,6.018304294884304,5.442800788954635
563,2,3,1,0.5534458792800966,26,17,28,-1.4152713658513714,-2.557199211045365
564,2,3,2,0.3865575503222885,27,21,30,-0.6019471123854966,-1.557199211045365
565,1,3,2,-0.7867991173959837,30,16,24,-1.135194387327736,1.442800788954635
566,2,2,2,0.20548667388568478,32,21,27,0.7074496829732994,3.442800788954635
567,2,3,2,0.836537884921797,32,24,25,2.8800332901992047,3.442800788954635
568,2,3,2,1.1057366470398051,40,28,40,12.652724177123135,11.442800788954635
569,2,2,2,0.34008605494468874,32,20,29,1.1708485382760438,3.442800788954635
570,1,3,2,-1.5323296828118753,33,13,21,-6.807835523735205,4.442800788954635
571,2,3,2,-0.6883744924776231,25,28,38,2.448685201545154,-3.557199211045365
572,1,3,2,0.7022357680654308,34,25,23,3.8221293924586908,5.442800788954635
573,2,2,2,-0.32077667244620894,28,14,27,0.17873650880878508,-0.557199211045365
574,1,3,2,0.4007480580486187,24,16,21,-1.8262887339671272,-4.557199211045365
575,2,3,1,-0.49935328300418286,27,16,22,0.7775925383270264,-1.557199211045365
576,1,3,1,1.1057366470398051,40,28,40,12.652724177123135,11.442800788954635
577,1,3,2,0.5673391228037891,32,20,29,1.9532355795937155,3.442800788954635
578,1,1,2,0.9530388258083272,18,12,22,-10.061420739919273,-10.557199211045365
579,2,1,2,-0.6947632992684355,26,16,24,1.776648160752518,-2.557199211045365
580,1,3,1,0.6858616501970697,36,27,36,5.104731631200478,7.442800788954635
581,1,1,2,-0.1818100711031431,22,18,25,1.1921648547976316,-6.557199211045365
582,2,2,2,-0.5650288997630125,36,15,27,-4.205397540938319,7.442800788954635
583,1,3,1,-0.6361362742052177,31,17,27,-1.5539541925111677,2.442800788954635
584,1,3,2,-0.3649025340464977,29,16,25,-0.16157912996733476,0.44280078895463504
585,2,1,2,0.28033918471594477,28,23,32,-0.15620477254882525,-0.557199211045365
586,1,2,2,0.35412793056970004,26,21,32,-0.9055756646619647,-2.557199211045365
587,2,3,2,-0.6947632992684355,30,20,31,-1.002405036321224,1.442800788954635
588,2,1,2,0.1500936324070412,25,16,21,-0.53391295078126,-3.557199211045365
589,2,3,2,0.0707386607253619,26,21,26,-0.18089284739730122,-2.557199211045365
590,1,4,1,0.9712858980821201,26,28,32,-2.483771532275086,-2.557199211045365
591,2,1,2,-1.8844940848550689,26,14,25,4.8190267870110395,-2.557199211045365
592,1,1,2,1.1057366470398051,38,26,36,10.441250883043525,9.442800788954635
593,1,3,2,-1.5950132724225556,37,25,29,-13.466379314802268,8.442800788954635
594,2,2,2,-2.4952632455766763,30,21,32,-3.6001677793675317,1.442800788954635
595,2,1,2,0.2095211142288428,28,16,25,-0.116744999545657,-0.557199211045365
596,2,2,2,0.18536664720645998,33,20,32,0.823547086454736,4.442800788954635
597,1,1,2,0.9711372659808011,30,24,30,1.401157613540347,1.442800788954635
598,2,1,2,0.20548667388568478,30,18,30,0.2964763352019298,1.442800788954635
599,2,3,1,0.20548667388568478,26,20,32,-0.5254703603408093,-2.557199211045365
600,2,3,1,1.1057366470398051,37,24,32,9.33551423600372,8.442800788954635
601,2,3,1,0.9570953903557898,24,12,23,-4.361674357824561,-4.557199211045365
602,2,3,1,-1.0212494090520148,35,20,32,-6.5797064983597755,6.442800788954635
603,2,3,1,-0.3649025340464977,26,12,25,0.9331284721721583,-2.557199211045365
604,2,3,2,0.12156398485306212,25,18,40,-0.43242731101084325,-3.557199211045365
605,2,1,2,-1.7740491708184474,24,12,21,8.084695481609513,-4.557199211045365
606,1,1,1,1.1057366470398051,28,28,40,-0.6161155873545267,-0.557199211045365
607,2,1,1,0.8226446413981047,30,28,34,1.1869123376384882,1.442800788954635
608,2,3,2,0.3867061824236074,30,24,18,0.5579399850944158,1.442800788954635
609,2,3,1,0.3544172345248033,18,14,24,-3.741653348706133,-10.557199211045365
610,1,3,2,0.2703538736383963,29,16,24,0.1197129085440236,0.44280078895463504
611,2,2,2,-0.08181052840479729,24,19,25,0.37282687550154664,-4.557199211045365
612,1,3,1,-0.6525103920735787,27,17,25,1.0160886677358787,-1.557199211045365
613,1,3,2,0.6858616501970697,23,18,19,-3.8114698213614275,-5.557199211045365
614,2,3,1,1.1057366470398051,34,28,40,6.018304294884304,5.442800788954635
615,2,3,2,-0.7988194065142441,24,16,24,3.64037916913444,-4.557199211045365
616,1,2,2,0.836537884921797,21,16,22,-6.321883443940563,-7.557199211045365
617,2,3,2,0.2703538736383963,25,20,26,-0.9617025860095616,-3.557199211045365
618,1,3,2,-0.07760533175601562,30,20,30,-0.11196903388466553,1.442800788954635
619,1,2,2,0.20548667388568478,26,20,32,-0.5254703603408093,-2.557199211045365
620,1,3,2,-0.6947632992684355,26,17,24,1.776648160752518,-2.557199211045365
621,2,3,2,-0.07760533175601562,26,19,29,0.19845229313939697,-2.557199211045365
622,1,2,2,0.20548667388568478,26,20,32,-0.5254703603408093,-2.557199211045365
623,1,3,2,0.38452257228157655,30,28,40,0.5547894706587243,1.442800788954635
624,2,3,2,-0.6947632992684355,26,20,28,1.776648160752518,-2.557199211045365
625,2,3,2,1.1057366470398051,28,18,22,-0.6161155873545267,-0.557199211045365
626,1,3,2,-0.037225378966590665,26,18,28,0.09519270972423037,-2.557199211045365
627,1,3,1,0.5673391228037891,34,23,34,3.087913825201294,5.442800788954635
628,1,2,2,0.5532972471787777,37,19,36,4.671378435007412,8.442800788954635
629,2,3,2,0.6699468201666267,31,23,29,1.6365466208606847,2.442800788954635
630,2,2,2,-1.6131117125950298,26,16,24,4.125047998776048,-2.557199211045365
631,1,4,1,-1.0234330191940455,37,28,32,-8.640641101893712,8.442800788954635
632,1,3,2,-0.21626127736248243,32,16,26,-0.7445444963238916,3.442800788954635
633,2,3,1,1.1057366470398051,28,16,24,-0.6161155873545267,-0.557199211045365
634,1,3,1,0.5392553715537666,37,24,28,4.552825676402165,8.442800788954635
635,2,2,2,1.1057366470398051,30,28,40,1.5953577067250837,1.442800788954635
636,2,4,1,0.5030584912088185,28,16,30,-0.2803037944112253,-0.557199211045365
637,2,1,2,-1.1143276403745719,26,8,24,2.8495577628118984,-2.557199211045365
638,2,3,2,-0.19816283719000838,30,24,31,-0.285909497839233,1.442800788954635
639,2,3,1,-0.3468040938740236,33,19,34,-1.5407815018762094,4.442800788954635
640,1,1,1,-1.082038692475768,33,17,27,-4.807282356610783,4.442800788954635
641,1,2,1,0.3704806966565653,23,21,24,-2.058835035167402,-5.557199211045365
642,2,1,1,0.9712858980821201,31,20,32,2.3726579581355143,2.442800788954635
643,2,1,1,0.800341004576849,37,19,32,6.757119664874166,8.442800788954635
644,2,1,1,-0.6947632992684355,33,19,25,-3.0866949341265304,4.442800788954635
645,1,1,1,-0.644235239343373,32,20,32,-2.2179735902837425,3.442800788954635
646,2,2,1,0.2235851140581588,31,23,31,0.5461738930197824,2.442800788954635
647,2,4,1,-2.4952632455766763,30,17,30,-3.6001677793675317,1.442800788954635
648,1,1,1,1.1057366470398051,30,24,32,1.5953577067250837,1.442800788954635
649,2,2,2,0.07103592492799964,26,21,30,-0.18165301118175844,-2.557199211045365
650,1,1,1,-0.4257131692517464,31,17,28,-1.0399324657165443,2.442800788954635
651,1,1,1,-2.4952632455766763,39,21,32,-26.05753698955762,10.442800788954635
652,2,2,2,-0.6684252221040218,28,16,24,0.3724460063991838,-0.557199211045365
653,1,2,1,-0.3811280198135399,25,20,32,1.3557482913880063,-3.557199211045365
654,2,2,1,0.702087135964112,30,19,21,1.0129718736839208,1.442800788954635
655,2,2,1,-0.030985204277096983,27,17,25,0.04825013565437489,-1.557199211045365
656,2,2,2,1.1057366470398051,21,17,15,-8.356272116633162,-7.557199211045365
657,2,2,2,0.647643183345371,28,12,23,-0.36086627079894934,-0.557199211045365
658,2,2,1,0.05466180705963861,26,18,30,-0.13978112988722183,-2.557199211045365
659,2,2,1,0.5676363870064268,34,28,28,3.0895317750379383,5.442800788954635
660,2,2,1,-0.9315458331678164,28,17,29,0.5190566032937044,-0.557199211045365
661,2,2,1,0.2399592319265198,30,21,32,0.346213369140531,1.442800788954635
662,1,2,1,-0.31672010789874616,38,20,28,-2.9907248847440773,9.442800788954635
663,1,1,2,0.4007480580486187,29,20,31,0.17745155627596623,0.44280078895463504
664,2,2,2,0.07103592492799964,23,20,28,-0.39476078596575737,-5.557199211045365
665,2,2,1,0.20548667388568478,25,14,28,-0.7309570342264942,-3.557199211045365
666,2,4,1,-0.8011516487575939,32,20,32,-2.758205528414951,3.442800788954635
667,1,2,2,0.41493856577494875,21,13,20,-3.135773401906738,-7.557199211045365
668,2,2,1,0.05278885265420672,21,18,25,-0.39893587563036104,-7.557199211045365
669,2,2,2,0.41899513032241154,25,23,33,-1.490449147014732,-3.557199211045365
670,2,1,2,0.5353474391076226,26,20,28,-1.368990048921169,-2.557199211045365
671,2,2,1,0.5495379468339529,30,18,24,0.7928737832525374,1.442800788954635
672,1,1,1,-0.6947632992684355,33,16,27,-3.0866949341265304,4.442800788954635
673,2,2,1,-0.04938090865220875,13,4,9,0.7682286331248452,-15.557199211045365
674,2,1,1,-1.132736736283645,28,15,26,0.6311600157793485,-0.557199211045365
675,2,2,1,0.054513174958319754,23,16,25,-0.30294057286995246,-5.557199211045365
676,2,2,2,-0.5094872261830501,32,23,32,-1.7540630242653135,3.442800788954635
677,1,2,1,1.1057366470398051,28,28,40,-0.6161155873545267,-0.557199211045365
678,2,4,1,1.1057366470398051,28,28,40,-0.6161155873545267,-0.557199211045365
679,1,2,1,0.41899513032241154,25,17,28,-1.490449147014732,-3.557199211045365
680,1,1,1,-0.8911658803783914,25,19,28,3.170054566592562,-3.557199211045365
681,1,1,2,0.10315488894398912,28,20,24,-0.05747782273506298,-0.557199211045365
682,2,4,2,0.6839886957916379,33,17,27,3.0388255172991405,4.442800788954635
683,1,4,1,-0.3812766519148587,25,14,16,1.3562770053815536,-3.557199211045365
684,2,2,1,0.5353474391076226,23,23,35,-2.975032366244037,-5.557199211045365
685,1,2,1,0.026450775489793004,25,18,28,-0.09409067770382976,-3.557199211045365
686,2,2,2,0.40495325469740023,26,28,40,-1.0355461434224447,-2.557199211045365
687,1,1,1,-0.47907123268967783,23,14,24,2.662294276337608,-5.557199211045365
688,2,2,1,-0.7562558435827884,27,16,27,1.177641002975565,-1.557199211045365
689,2,3,1,-0.4694179291302241,29,17,23,-0.2078586293683142,0.44280078895463504
690,1,2,1,0.20548667388568478,26,20,32,-0.5254703603408093,-2.557199211045365
691,2,1,1,-0.04328140581649945,26,25,27,0.11067917680688667,-2.557199211045365
692,2,2,1,0.20548667388568478,29,22,27,0.09098966131624503,0.44280078895463504
693,1,1,1,0.029536126973048454,26,25,33,-0.07552976059281523,-2.557199211045365
694,1,2,2,-0.49935328300418286,24,15,28,2.275652387339575,-4.557199211045365
695,1,2,2,-0.632079709657755,30,18,25,-0.9119651037764255,1.442800788954635
696,1,2,2,-1.95686572134066,29,14,25,-0.8665016852879253,0.44280078895463504
697,1,2,2,0.836537884921797,15,28,34,-11.341110753471344,-13.557199211045365
698,1,2,2,0.5353474391076226,27,18,30,-0.8336426098135465,-1.557199211045365
699,1,2,2,-0.6947632992684355,26,16,25,1.776648160752518,-2.557199211045365
700,1,2,2,-0.6503267819315478,33,12,24,-2.8892723398438096,4.442800788954635
701,1,2,2,0.09722536999109448,34,25,32,0.5291783204939353,5.442800788954635
702,1,2,2,0.836686517023116,28,21,28,-0.4662010671775746,-0.557199211045365
703,1,2,2,0.20548667388568478,40,23,31,2.3513430740587777,11.442800788954635
704,1,2,2,0.702087135964112,40,28,37,8.03384323332504,11.442800788954635
705,1,2,2,-0.6362849063065367,27,20,29,0.9908223541006128,-1.557199211045365
706,1,2,2,0.23369770545553037,27,15,26,-0.36391388255846396,-1.557199211045365
707,1,2,2,-0.5601639182094317,26,19,24,1.432450729701239,-2.557199211045365
708,1,2,2,-1.5000620866945669,40,20,29,-17.164911629109525,11.442800788954635
709,1,2,2,-0.6947632992684355,28,16,26,0.38712156221564703,-0.557199211045365
710,1,2,2,-0.06152847809029235,31,15,27,-0.15030181482214414,2.442800788954635
711,1,2,2,-0.6947632992684355,26,20,26,1.776648160752518,-2.557199211045365
712,1,2,2,0.836537884921797,21,20,23,-6.321883443940563,-7.557199211045365
713,1,1,2,-0.18992320019806871,35,20,32,-1.2236373440769062,6.442800788954635
714,1,2,2,-0.5157274008725439,28,15,29,0.28736290088065813,-0.557199211045365
715,1,2,2,0.20548667388568478,26,20,32,-0.5254703603408093,-2.557199211045365
716,1,2,2,0.24992319122257253,26,14,25,-0.6391033874163023,-2.557199211045365
717,1,2,2,-0.8030246031630258,24,15,20,3.6595430879845585,-4.557199211045365
718,1,2,2,-0.6947632992684355,26,16,24,1.776648160752518,-2.557199211045365
719,2,1,1,0.026450775489793004,30,16,27,0.03816319974513527,1.442800788954635
720,1,2,2,-0.07775396385733448,31,17,26,-0.18993744425504683,2.442800788954635
721,1,1,2,-1.114638296111171,30,24,32,-1.6082010130282476,1.442800788954635
722,1,2,2,1.1057366470398051,39,28,40,11.54698753008333,10.442800788954635
723,1,2,2,0.07103592492799964,24,18,29,-0.3237248610377577,-4.557199211045365
724,1,2,2,0.37440998088420496,25,20,27,-1.331850888608804,-3.557199211045365
725,1,2,2,-0.6947632992684355,28,24,33,0.38712156221564703,-0.557199211045365
726,1,2,1,1.1057366470398051,28,28,40,-0.6161155873545267,-0.557199211045365
727,1,2,2,-0.9356023977152792,26,16,27,2.3925217132896637,-2.557199211045365
728,2,1,2,-0.27301534802026844,32,20,28,-0.9399374555609045,3.442800788954635
729,1,2,2,0.27065113784103395,29,22,32,0.1198445373674795,0.44280078895463504
730,2,1,2,-0.7588987415627372,37,16,24,-6.4072308940025575,8.442800788954635
731,1,2,2,-0.8685515878205367,30,28,40,-1.2531469161552713,1.442800788954635
732,1,2,2,-0.8476097526012324,27,19,30,1.319897238024996,-1.557199211045365
733,2,1,2,0.05466180705963861,36,21,30,0.4068369407091643,7.442800788954635
734,1,2,2,0.026450775489793004,26,17,31,-0.06763990221403675,-2.557199211045365
735,1,2,2,-0.961629819143094,26,12,20,2.459079014830417,-2.557199211045365
736,1,4,1,0.9570953903557898,40,27,38,10.951851887868076,11.442800788954635
737,1,1,2,-1.0396585049610878,28,21,31,0.5792968987209218,-0.557199211045365
738,1,1,1,1.1057366470398051,38,28,40,10.441250883043525,9.442800788954635
739,2,3,1,0.23385972909081051,29,21,32,0.10355327254612812,0.44280078895463504
740,2,2,2,-0.8737991976643272,26,18,25,2.2344786188792907,-2.557199211045365
741,1,3,1,-0.3468040938740236,27,19,25,0.5400430613679322,-1.557199211045365
742,1,4,1,1.1057366470398051,26,22,32,-2.827588881434137,-2.557199211045365
743,1,3,1,0.5211569313812925,35,20,32,3.357710288672568,6.442800788954635
744,2,4,1,-2.4952632455766763,22,4,8,16.36193818524588,-6.557199211045365
745,1,4,2,0.6253616707284201,40,28,31,7.155889019193154,11.442800788954635
746,1,1,2,-0.5257127119500923,26,17,27,1.3443521322352951,-2.557199211045365
747,2,3,1,-0.6947632992684355,26,20,32,1.776648160752518,-2.557199211045365
748,2,1,2,0.20548667388568478,26,20,32,-0.5254703603408093,-2.557199211045365
749,2,3,1,-0.6947632992684355,28,12,16,0.38712156221564703,-0.557199211045365
750,2,3,1,0.41899513032241154,33,19,30,1.8615118955645602,4.442800788954635
751,2,3,1,0.20548667388568478,28,20,32,-0.11449701256943975,-0.557199211045365
752,2,3,1,0.5676363870064268,38,19,25,5.360077323063646,9.442800788954635
753,2,3,1,0.20548667388568478,30,20,32,0.2964763352019298,1.442800788954635
754,2,2,1,-0.17788078687550346,30,26,39,-0.2566465396438477,1.442800788954635
755,1,4,1,-0.6947632992684355,39,25,36,-7.255274729737144,10.442800788954635
756,2,3,1,0.6676145779232768,23,16,24,-3.7100672057176185,-5.557199211045365
757,2,2,1,0.5353474391076226,30,23,31,0.7723997075093213,1.442800788954635
758,2,1,2,-0.6947632992684355,26,20,24,1.776648160752518,-2.557199211045365
759,2,4,1,-1.0338776181095122,28,23,33,0.5760757931280813,-0.557199211045365
760,2,4,1,0.702087135964112,25,20,38,-2.497463806136639,-3.557199211045365
761,2,2,1,0.056845417201669524,30,20,30,0.08201661278702417,1.442800788954635
762,1,2,1,1.1057366470398051,40,28,40,12.652724177123135,11.442800788954635
763,1,4,1,-0.2284301985820618,24,19,30,1.041001920757108,-4.557199211045365
764,2,3,1,0.20548667388568478,26,23,31,-0.5254703603408093,-2.557199211045365
765,2,3,1,-0.12624704574168508,28,20,25,0.07034475428407502,-0.557199211045365
766,2,2,1,0.05278885265420672,30,22,32,0.07616379825749944,1.442800788954635
767,1,4,1,-0.23030315298749368,26,20,30,0.5889310411208788,-2.557199211045365
768,1,4,1,0.5130438022863669,26,18,26,-1.3119552064384117,-2.557199211045365
769,2,3,1,1.1057366470398051,28,16,24,-0.6161155873545267,-0.557199211045365
770,1,4,1,0.20548667388568478,27,14,19,-0.31998368645512454,-1.557199211045365
771,2,3,1,0.40480462259608135,19,12,24,-3.8687984197027854,-9.557199211045365
772,2,2,1,0.05076726614745597,28,19,29,-0.02828748064429253,-0.557199211045365
773,2,2,1,1.1057366470398051,31,26,31,2.701094353764889,2.442800788954635
774,1,1,1,-0.6947632992684355,29,17,24,-0.30764173705278847,0.44280078895463504
775,2,4,1,-1.5625970442039288,34,14,23,-8.504904425011324,5.442800788954635
776,2,3,1,0.05278885265420672,25,15,23,-0.18778046501353415,-3.557199211045365
777,2,3,1,-2.137191448784893,25,15,25,7.6024157354705215,-3.557199211045365
778,2,3,1,-0.14718888096098928,31,23,29,-0.35955311453685446,2.442800788954635
779,2,3,1,1.1057366470398051,32,19,32,3.806831000804694,3.442800788954635
780,2,3,1,1.1057366470398051,32,24,37,3.806831000804694,3.442800788954635
781,2,4,2,-0.4672343189881933,23,23,32,2.5965141888545062,-5.557199211045365
782,2,3,1,1.1057366470398051,27,22,36,-1.7218522343943317,-1.557199211045365
783,1,2,1,0.2680216313950465,29,16,29,0.11868018983863496,0.44280078895463504
784,2,2,1,-0.06356345613100438,27,20,24,0.09898096373851668,-1.557199211045365
785,1,3,1,0.20548667388568478,26,18,28,-0.5254703603408093,-2.557199211045365
786,1,3,1,-0.16980317351884397,29,19,29,-0.0751889792011449,0.44280078895463504
787,1,3,1,-1.2347365137072457,24,21,27,5.6269402661155645,-4.557199211045365
788,2,3,1,1.1057366470398051,32,28,32,3.806831000804694,3.442800788954635
789,1,3,1,-0.3489877040160545,36,13,21,-2.597445958786157,7.442800788954635
790,2,4,1,-0.08181052840479729,26,17,21,0.20920581869195204,-2.557199211045365
791,1,2,1,0.2235851140581588,32,18,24,0.7697590070779412,3.442800788954635
792,2,1,2,0.8224960092967858,40,25,37,9.4116579840933,11.442800788954635
793,2,1,2,-0.632079709657755,30,21,30,-0.9119651037764255,1.442800788954635
794,2,1,2,-0.21235334491633848,32,24,33,-0.7310902634151258,3.442800788954635
795,2,1,2,-0.21220471281501962,28,20,29,0.11824029856063718,-0.557199211045365
796,2,1,2,1.1057366470398051,30,24,38,1.5953577067250837,1.442800788954635
797,2,1,2,1.1057366470398051,15,8,12,-14.990691998871993,-13.557199211045365
798,2,1,2,0.8043975691243118,26,21,21,-2.0570048291314995,-2.557199211045365
799,2,1,2,-0.6520511042356609,25,16,24,2.319475673548352,-3.557199211045365
800,2,1,2,0.07088729282668077,29,20,27,0.03138894919051249,0.44280078895463504
801,2,1,2,0.800341004576849,40,28,39,9.158142678604714,11.442800788954635
802,2,1,2,0.08726141069504177,27,15,27,-0.13588339988902462,-1.557199211045365
803,2,1,2,0.2053380417843659,36,23,27,1.5282901393950783,7.442800788954635
804,2,1,2,-0.3488390719147357,28,17,26,0.19437285565268805,-0.557199211045365
805,2,1,2,-0.09990896857727134,24,17,18,0.45530507277669713,-4.557199211045365
806,2,1,2,0.20548667388568478,26,19,32,-0.5254703603408093,-2.557199211045365
807,2,1,2,-1.8600068378917822,29,22,33,-0.8236124952794971,0.44280078895463504
808,2,1,2,-0.632079709657755,27,16,27,0.9842740251968394,-1.557199211045365
809,2,1,2,0.5372203935130545,34,20,32,2.9239835816553725,5.442800788954635
810,2,1,2,0.2519581692632845,26,18,26,-0.6443072316565057,-2.557199211045365
811,2,1,2,-0.6339526640631868,29,20,30,-0.28071473980707184,0.44280078895463504
812,2,1,2,0.8084541336717747,22,17,13,-5.301194807478924,-6.557199211045365
813,2,1,2,0.08303486226476438,23,16,23,-0.46144127106700916,-5.557199211045365
814,2,1,2,-0.46926929702890535,27,16,29,0.7307457791012244,-1.557199211045365
815,2,1,2,0.6535727022982657,28,20,32,-0.36417019408138085,-0.557199211045365
816,2,1,2,0.8043975691243118,24,21,28,-3.6657999673801234,-4.557199211045365
817,2,1,2,0.8224960092967858,32,19,28,2.831689909719013,3.442800788954635
818,2,1,2,-0.5157274008725439,27,13,23,0.803090301753202,-1.557199211045365
819,2,1,2,0.8226446413981047,32,21,30,2.8322016204346974,3.442800788954635
820,1,1,2,-0.6947632992684355,27,20,25,1.0818848614840826,-1.557199211045365
821,2,1,2,-1.2266233846123205,32,13,23,-4.223019956293502,3.442800788954635
822,2,1,2,0.836537884921797,26,20,32,-2.1391940193315775,-2.557199211045365
823,2,1,2,-0.3893676568054795,30,16,23,-0.5617799624323634,1.442800788954635
824,2,1,2,0.2703538736383963,27,15,23,-0.420994838732769,-1.557199211045365
825,2,1,2,-0.7989680386155631,30,18,29,-1.1527517164640717,1.442800788954635
826,2,1,2,-0.3831496063202906,24,13,29,1.7460890836351706,-4.557199211045365
827,2,1,2,0.41899513032241154,40,26,31,4.7944778078214405,11.442800788954635
828,2,1,2,0.07088729282668077,36,26,32,0.5275999989772778,7.442800788954635
829,2,1,2,-0.4793818884262769,28,20,28,0.26711121002055865,-0.557199211045365
830,1,1,2,-0.6380092286106497,30,20,32,-0.9205202183997835,1.442800788954635
831,2,1,2,0.05278885265420672,29,17,22,0.023374945603292716,0.44280078895463504
832,1,1,2,1.1057366470398051,28,28,40,-0.6161155873545267,-0.557199211045365
833,1,1,2,-0.7907070498421276,26,18,30,2.021995444024297,-2.557199211045365
834,1,1,2,0.531142242458841,24,20,28,-2.420521008286296,-4.557199211045365
835,2,1,2,-0.3649025340464977,26,20,32,0.9331284721721583,-2.557199211045365
836,1,1,2,-0.6624743513696315,27,15,23,1.03160453729058,-1.557199211045365
837,1,1,2,0.5676363870064268,40,24,37,6.495350097076499,11.442800788954635
838,1,1,2,-1.2046525277319684,28,17,26,0.6712314380360574,-0.557199211045365
839,1,1,2,0.23369770545553037,30,23,30,0.33717923380812714,1.442800788954635
840,1,1,2,-0.6947632992684355,29,20,32,-0.30764173705278847,0.44280078895463504
841,1,1,2,1.1057366470398051,28,28,40,-0.6161155873545267,-0.557199211045365
842,1,1,2,-0.6298960995157241,26,20,32,1.6107698087221625,-2.557199211045365
843,1,1,2,0.9711372659808011,30,21,32,1.401157613540347,1.442800788954635
844,1,1,2,0.38452257228157655,31,20,31,0.9393120429403009,2.442800788954635
845,1,1,2,-0.4812548428317088,31,16,24,-1.175609709757537,2.442800788954635
846,1,1,2,-0.5684035552013712,27,25,40,0.8851175677149558,-1.557199211045365
847,2,1,2,-0.2606977946993702,26,16,23,0.6666561949264961,-2.557199211045365
848,1,1,2,0.40495325469740023,37,16,24,3.418939658248958,8.442800788954635
849,1,1,2,-0.3468040938740236,26,17,25,0.8868471552419559,-2.557199211045365
850,1,1,2,-0.4834384529737397,34,20,32,-2.631259193256479,5.442800788954635
851,2,1,2,-0.3649025340464977,28,15,30,0.20332340407916294,-0.557199211045365
852,1,1,2,0.6839886957916379,24,22,25,-3.1170727448256006,-4.557199211045365
853,1,1,2,0.20548667388568478,27,21,32,-0.31998368645512454,-1.557199211045365
854,1,1,2,-0.784777530889233,25,15,25,2.7916100137253093,-3.557199211045365
855,1,1,2,-0.49935328300418286,32,28,38,-1.719173876693888,3.442800788954635
856,2,1,2,-0.01507037424665388,26,18,27,0.03853794913370169,-2.557199211045365
857,1,1,2,0.5679336512090645,28,21,25,-0.3164521823798042,-0.557199211045365
858,1,1,2,-1.3119212667808555,28,16,26,0.7310014948039285,-0.557199211045365
859,1,1,2,0.5679336512090645,27,10,29,-0.8843858335888687,-1.557199211045365
860,1,1,2,-0.05345086473363281,28,16,24,0.029782779659272722,-0.557199211045365
861,2,1,2,-0.3630295796410658,28,16,28,0.20227979536213236,-0.557199211045365
862,1,1,2,-0.09990896857727134,27,19,30,0.1555781670448831,-1.557199211045365
863,1,1,2,1.1057366470398051,28,28,40,-0.6161155873545267,-0.557199211045365
864,1,1,2,-1.0659965821255015,35,21,37,-6.868003620341126,6.442800788954635
865,1,1,2,-0.9800389150521669,26,17,28,2.5061547403651567,-2.557199211045365
866,1,1,2,1.1057366470398051,31,16,24,2.701094353764889,2.442800788954635
867,1,1,2,-0.7665304586154401,29,15,29,-0.3394202918326751,0.44280078895463504
868,1,1,2,-0.0799375739993654,26,25,37,0.20441630116405765,-2.557199211045365
869,1,1,2,-0.4376987150545499,28,19,27,0.2438853787039652,-0.557199211045365
870,1,1,2,1.1057366470398051,28,28,40,-0.6161155873545267,-0.557199211045365
871,1,1,2,-0.632079709657755,30,20,32,-0.9119651037764255,1.442800788954635
872,1,1,2,-0.6947632992684355,26,16,24,1.776648160752518,-2.557199211045365
873,2,1,1,-0.9638134292851247,27,20,31,1.5008495116777238,-1.557199211045365
874,2,1,1,-2.4952632455766763,29,16,24,-1.1049045337908556,0.44280078895463504
875,2,1,2,0.2662973090909335,29,11,15,0.11791665856196167,0.44280078895463504
876,1,1,2,0.6677632100245958,30,14,19,0.9634492862583665,1.442800788954635
877,2,1,2,0.8043975691243118,32,25,34,2.769380585614371,3.442800788954635
878,1,1,2,-0.21235334491633848,28,20,29,0.11832311625022807,-0.557199211045365
879,2,1,1,0.4331856380487416,22,12,22,-2.8404845240493914,-6.557199211045365
880,2,1,2,0.28439574926340755,36,23,31,2.1167009069930343,7.442800788954635
881,2,1,2,-0.42758612365717835,28,16,24,0.23825065075572563,-0.557199211045365
882,2,1,2,0.39856444790658774,30,10,17,0.5750490998888933,1.442800788954635
883,2,1,2,-0.12219048119422223,25,12,16,0.4346558833013408,-3.557199211045365
884,1,1,2,-0.26774638639498205,39,20,39,-2.796022175085271,10.442800788954635
885,1,1,2,-0.18383165760989387,34,20,26,-1.0005590910739688,5.442800788954635
886,2,1,1,0.836686517023116,28,16,26,-0.4662010671775746,-0.557199211045365
887,2,1,2,-0.03535242456115878,26,24,25,0.09040319219633601,-2.557199211045365
888,2,1,2,0.5392553715537666,26,16,21,-1.378983410689267,-2.557199211045365
889,2,1,2,-0.21220471281501962,29,16,24,-0.09396441425438244,0.44280078895463504
890,1,1,2,-0.37486649334255046,31,26,24,-0.9157241656898397,2.442800788954635
891,1,1,2,-1.3210261882986751,27,17,29,2.0571009381889627,-1.557199211045365
892,1,1,2,-0.6886851482142219,20,20,25,5.8932160069574,-8.557199211045365
893,2,1,2,0.8224960092967858,27,12,26,-1.280790136764916,-1.557199211045365
894,2,1,2,-1.4158287419253452,35,20,30,-9.121902535501263,6.442800788954635
895,2,1,2,-1.8804375203076058,29,15,18,-0.8326592175721054,0.44280078895463504
896,1,1,1,-0.19395764054122674,25,25,28,0.6899459659094723,-3.557199211045365
897,1,1,2,0.40480462259608135,21,16,24,-3.0591891745106228,-7.557199211045365
898,1,1,2,-1.477469918341017,24,17,34,6.733124746206943,-4.557199211045365
899,1,1,2,-0.784777530889233,29,16,24,-0.34750010983162283,0.44280078895463504
900,2,1,2,-0.3872061708677534,29,19,28,-0.17145519794834443,0.44280078895463504
901,1,1,2,-1.3259631424058667,23,18,28,7.368641328853115,-5.557199211045365
902,1,1,2,-0.6947632992684355,24,24,32,3.166174759289389,-4.557199211045365
903,1,1,2,0.05466180705963861,26,23,32,-0.13978112988722183,-2.557199211045365
904,1,1,2,-0.6947632992684355,26,18,30,1.776648160752518,-2.557199211045365
905,1,1,2,-1.5950132724225556,24,12,16,7.268793226690956,-4.557199211045365
906,1,1,2,1.1057366470398051,28,28,40,-0.6161155873545267,-0.557199211045365
907,1,1,2,-0.3366915024766521,26,18,30,0.8609872444989732,-2.557199211045365
908,1,1,2,-1.2632795527951861,27,14,24,1.9671779229424053,-1.557199211045365
909,1,1,2,-0.21220471281501962,27,18,24,0.3304450113756568,-1.557199211045365
910,1,1,2,0.0871127785937229,25,19,29,-0.3098775072855607,-3.557199211045365
911,1,1,2,-0.2608464268006891,24,21,29,1.1887291304201029,-4.557199211045365
912,1,1,2,-0.19786557298737065,25,20,32,0.7038472601237139,-3.557199211045365
913,1,1,2,0.8184394447493232,24,18,26,-3.729791591900022,-4.557199211045365
914,1,1,2,1.1057366470398051,32,19,36,3.806831000804694,3.442800788954635
915,1,1,2,-0.8736505655630086,32,24,25,-3.007804856390989,3.442800788954635
916,1,1,2,-0.5854595821788363,31,18,31,-1.4301611292475123,2.442800788954635
917,1,1,1,-0.684799339972383,28,20,27,0.38156965195699843,-0.557199211045365
918,1,1,2,-0.6342633197997859,24,19,24,2.8904643005865984,-4.557199211045365
919,1,1,2,0.8368351491244348,29,20,32,0.3705512642572694,0.44280078895463504
920,1,1,2,1.1057366470398051,37,22,31,9.33551423600372,8.442800788954635
921,1,1,2,0.9712858980821201,34,23,40,5.286515652381874,5.442800788954635
922,1,1,2,-0.6947632992684355,26,20,32,1.776648160752518,-2.557199211045365
923,1,1,2,-0.6807214236434244,28,20,31,0.3792974401957937,-0.557199211045365
924,1,1,2,-0.07775396385733448,30,20,32,-0.11218348039771237,1.442800788954635
925,1,1,2,-0.21220471281501962,27,16,25,0.3304450113756568,-1.557199211045365
926,1,1,2,-0.3649025340464977,29,16,28,-0.16157912996733476,0.44280078895463504
927,1,1,2,-0.047337970363962235,27,22,33,0.07371465010325086,-1.557199211045365
928,1,1,2,-0.9800389150521669,27,16,24,1.5261158253129898,-1.557199211045365
929,1,1,2,-0.6947632992684355,29,17,24,-0.30764173705278847,0.44280078895463504
930,1,1,2,0.41899513032241154,32,20,32,1.4425167652421487,3.442800788954635
931,1,1,1,-0.5439384324423895,27,13,26,0.8470204978565414,-1.557199211045365
932,1,1,2,-0.7503049728483978,28,18,25,0.41806933891454123,-0.557199211045365
933,1,1,2,1.1057366470398051,40,20,23,12.652724177123135,11.442800788954635
934,1,1,2,-0.6947632992684355,31,21,31,-1.6971683355896594,2.442800788954635
935,1,1,1,-0.6339526640631868,28,16,27,0.353237924256115,-0.557199211045365
936,1,1,2,-1.2632795527951861,30,21,27,-1.822660735443153,1.442800788954635
937,1,1,2,-0.6420871449396082,23,13,24,3.5682061752807614,-5.557199211045365
938,1,1,2,-0.01521900634797276,32,24,35,-0.05239600706190622,3.442800788954635
939,2,1,2,-0.25493903205209906,27,28,40,0.3969908595761977,-1.557199211045365
940,2,1,2,-0.7089538069947657,27,16,24,1.103982308919857,-1.557199211045365
941,1,1,2,-1.5950132724225556,24,8,16,7.268793226690956,-4.557199211045365
942,1,1,2,-1.1165112505166028,27,14,22,1.7386304384277278,-1.557199211045365
943,1,1,2,-0.575636294736568,30,8,20,-0.8305285001968431,1.442800788954635
944,1,1,1,-1.3529831286793845,38,17,25,-12.775950154936003,9.442800788954635
945,2,1,2,-0.07760533175601562,23,13,24,0.43126828840744386,-5.557199211045365
946,2,1,2,0.09955761223444425,24,13,24,-0.4537038719283697,-4.557199211045365
947,2,1,2,-0.3672347762898475,34,23,32,-1.998785730121961,5.442800788954635
948,1,1,2,-0.07775396385733448,34,24,31,-0.42319933582705027,5.442800788954635
949,1,1,2,-0.9153203474007743,38,20,27,-8.643187698582262,9.442800788954635
950,2,1,2,0.13605175678202996,38,25,35,1.2847096362800168,9.442800788954635
951,2,1,2,-0.21220471281501962,33,17,26,-0.9427832655144609,4.442800788954635
952,1,1,1,0.056845417201669524,30,20,32,0.08201661278702417,1.442800788954635
953,2,1,2,-0.8153421564839242,20,18,21,6.977045258196262,-8.557199211045365
954,1,1,2,-1.2228996000057613,34,20,29,-6.6559989077236645,5.442800788954635
955,2,1,2,-0.9153203474007743,35,15,24,-5.89722665637994,6.442800788954635
956,2,1,2,-0.27707191256773117,32,23,32,-0.9539033991853545,3.442800788954635
957,1,3,2,-0.4909650139109243,17,12,13,5.67418047142221,-11.557199211045365
958,2,3,2,0.5354960712089415,36,23,34,3.9855905812760173,7.442800788954635
959,1,1,2,0.38452257228157655,26,20,32,-0.9833008184675819,-2.557199211045365
960,1,1,2,-0.6947632992684355,23,17,22,3.8609380585578243,-5.557199211045365
961,1,1,2,-0.6947632992684355,26,11,24,1.776648160752518,-2.557199211045365
962,1,1,2,-0.782593920747202,22,14,24,5.131624239692452,-6.557199211045365
963,1,1,1,0.4007480580486187,27,20,27,-0.6240445598212712,-1.557199211045365
964,1,1,2,-0.21235334491633848,28,20,29,0.11832311625022807,-0.557199211045365
965,2,1,2,-0.4569383521740458,27,22,31,0.7115440415017933,-1.557199211045365
966,1,1,2,-0.21220471281501962,30,16,25,-0.3061691270694021,1.442800788954635
967,1,1,2,-0.06356345613100438,30,17,27,-0.09170940465449645,1.442800788954635
968,1,1,2,-1.0982641782428098,29,18,30,-0.48631224460653005,0.44280078895463504
969,1,1,2,-1.0861166088047265,24,15,24,4.949649752748167,-4.557199211045365
970,1,1,2,-1.5000620866945669,32,20,24,-5.164414935552991,3.442800788954635
971,1,1,2,-2.4952632455766763,32,26,36,-8.590694270520885,3.442800788954635
972,1,1,2,0.9712858980821201,29,14,22,0.43008616197127403,0.44280078895463504
973,1,1,2,-0.07775396385733448,33,22,35,-0.3454453719697158,4.442800788954635
974,1,1,2,-0.1677681954781319,30,25,36,-0.24205608479734414,1.442800788954635
975,1,1,2,0.5171003668338298,29,19,27,0.22897245040275102,0.44280078895463504
976,1,1,2,0.23605129948037584,31,17,38,0.576626300604429,2.442800788954635
977,2,1,2,0.05076726614745597,27,24,33,-0.0790547467917485,-1.557199211045365
978,1,1,1,-1.5201821133737916,30,19,29,-2.1933199525304308,1.442800788954635
979,2,1,1,-1.3696679022843448,29,18,26,-0.6064900277373478,0.44280078895463504
980,2,1,2,-0.3630295796410658,30,16,25,-0.5237793639199992,1.442800788954635
981,1,1,2,0.11765605240691827,29,18,27,0.0520981928310713,0.44280078895463504
982,1,1,2,-0.7423759915930573,37,24,32,-6.267732607522844,8.442800788954635
983,2,1,2,0.20548667388568478,26,20,29,-0.5254703603408093,-2.557199211045365
984,2,1,2,-0.08181052840479729,28,17,26,0.045584761882357466,-0.557199211045365
985,1,1,2,0.2680216313950465,39,25,36,2.7988965037891,10.442800788954635
986,1,1,2,-0.06137984598897348,30,19,32,-0.08855889021880493,1.442800788954635
987,1,3,2,-0.004787798966467675,35,28,40,-0.030846834958514126,6.442800788954635
988,1,4,2,0.531142242458841,32,22,32,1.8286169313844318,3.442800788954635
989,2,4,2,0.4007480580486187,32,20,31,1.3796957304218223,3.442800788954635
990,1,1,2,-1.6872111141853843,38,24,38,-15.931998440162776,9.442800788954635
991,1,1,2,-0.5140030785684307,31,20,32,-1.2556071258520738,2.442800788954635
992,2,4,2,0.8226446413981047,33,21,31,3.654846261832802,4.442800788954635
993,2,4,2,0.38264961787614465,26,16,24,-0.9785113009396875,-2.557199211045365
994,2,4,2,0.8226446413981047,29,20,32,0.3642676962403836,0.44280078895463504
995,1,1,2,-0.5157274008725439,28,20,29,0.28736290088065813,-0.557199211045365
996,2,3,2,0.9711372659808011,30,24,32,1.401157613540347,1.442800788954635
997,2,4,2,1.1057366470398051,29,26,37,0.4896210596852785,0.44280078895463504
998,2,4,2,0.20563530598700364,29,25,38,0.091055475727973,0.44280078895463504
999,1,4,2,-0.3062755089832798,38,28,40,-2.892098617864797,9.442800788954635
1000,2,4,1,0.27005660943575854,36,16,29,2.0099775457708775,7.442800788954635
1001,1,4,2,-0.13314700533597804,30,20,32,-0.19210460434569612,1.442800788954635
1002,1,4,1,1.1057366470398051,30,18,24,1.5953577067250837,1.442800788954635
1003,1,4,1,0.6881938924404195,30,24,32,0.9929266909667985,1.442800788954635
1004,1,4,1,-0.09179583948234575,25,20,32,0.3265360877838473,-3.557199211045365
1005,1,3,2,0.2661486769896147,23,16,25,-1.4790412177874546,-5.557199211045365
1006,1,4,1,1.1057366470398051,28,28,40,-0.6161155873545267,-0.557199211045365
1007,1,4,1,0.10330352104530799,23,15,26,-0.5740782456511938,-5.557199211045365
1008,1,4,2,0.6738547526127706,28,26,33,-0.37547133651500536,-0.557199211045365
1009,1,1,2,-0.6947632992684355,25,16,24,2.4714114600209536,-3.557199211045365
1010,2,4,2,-0.21220471281501962,30,24,31,-0.3061691270694021,1.442800788954635
1011,2,3,1,-0.06371208823232323,28,12,25,0.03550032529710318,-0.557199211045365
1012,2,4,2,1.1057366470398051,33,24,37,4.912567647844499,4.442800788954635
1013,1,4,1,0.20548667388568478,28,21,32,-0.11449701256943975,-0.557199211045365
1014,1,1,2,-0.4670643351053787,36,16,30,-3.4762668018148846,7.442800788954635
